S_moellendorffii:Selaginella_moellendorffii_1kp,Selaginella_moellendorffii_genome
Marchantia:Marchantia_emarginata,Marchantia_polymorpha
Nothoceros:Nothoceros_aenigmaticus,Nothoceros_vincentianus
Cycas:Cycas_micholitzii,Cycas_rumphii
A_americanus:Acorus_americanus
A_cathartica:Allamanda_cathartica
A_spinulosa:Alsophila_spinulosa
A_trichopoda:Amborella_trichopoda
A_evecta:Angiopteris_evecta
A_attenuatus:Anomodon_attenuatus
A_formosa:Aquilegia_formosa
A_thaliana:Arabidopsis_thaliana
B_trilobata:Bazzania_trilobata
B_nivea:Boehmeria_nivea
B_distachyon:Brachypodium_distachyon
B_argenteum:Bryum_argenteum
C_papaya:Carica_papaya
C_roseus:Catharanthus_roseus
C_libani:Cedrus_libani
C_purpureus:Ceratodon_purpureus
C_globosum:Chaetosphaeridium_globosum
C_vulgaris:Chara_vulgaris
C_atmophyticus:Chlorokybus_atmophyticus
C_autumnale:Colchicum_autumnale
C_irregularis:Coleochaete_irregularis
C_scutata:Coleochaete_scutata
C_ochthodes:Cosmarium_ochthodes
C_lanceolata:Cunninghamia_lanceolata
C_brebissonii:Cylindrocystis_brebissonii
C_cushleckae:Cylindrocystis_cushleckae
D_obscurum:Dendrolycopodium_obscurum
D_villosa:Dioscorea_villosa
D_malabarica:Diospyros_malabarica
E_fimbriata:Entransia_fimbriata
E_sinica:Ephedra_sinica
E_diffusum:Equisetum_diffusum
E_californica:Eschscholzia_californica
G_biloba:Ginkgo_biloba
G_montanum:Gnetum_montanum
H_ciliata:Hedwigia_ciliata
H_cannabinus:Hibiscus_cannabinus
H_cordata:Houttuynia_cordata
H_squarrosa:Huperzia_squarrosa
I_helenium:Inula_helenium
I_purpurea:Ipomoea_purpurea
J_scopulorum:Juniperus_scopulorum
K_heteroclita:Kadsura_heteroclita
K_subtile:Klebsormidium_subtile
K_scoparia:Kochia_scoparia
L_tridentata:Larrea_tridentata
L_brachypus:Leucodon_brachypus
L_tulipifera:Liriodendron_tulipifera
M_truncatula:Medicago_truncatula
M_viride:Mesostigma_viride
M_endlicherianum:Mesotaenium_endlicherianum
M_crassipilis:Metzgeria_crassipilis
M_opisthostigma:Monomastix_opisthostigma
M_sp:Mougeotia_sp
N_pyriformis:Nephroselmis_pyriformis
N_digitus:Netrium_digitus
N_advena:Nuphar_advena
O_petiolatum:Ophioglossum_petiolatum
O_sativa:Oryza_sativa
P_margaritaceum:Penium_margaritaceum
P_americana:Persea_americana
P_patens:Physcomitrella_patens
P_taeda:Pinus_taeda
P_peltatum:Podophyllum_peltatum
P_commune:Polytrichum_commune
P_trichocarpa:Populus_trichocarpa
P_andina:Prumnopitys_andina
P_caroliniana:Pseudolycopodiella_caroliniana
P_nudum:Psilotum_nudum
P_aquilinum:Pteridium_aquilinum
P_parkeae:Pyramimonas_parkeae
R_serrulatum:Rhynchostegium_serrulatum
R_sp:Riccia_sp
R_officinalis:Rosmarinus_officinalis
R_cf_capillare:Rosulabryum_cf_capillare
R_obtusa:Roya_obtusa
S_bermudana:Sabal_bermudana
S_glabra:Sarcandra_glabra
S_henryi:Saruma_henryi
S_verticillata:Sciadopitys_verticillata
S_bona:Smilax_bona
S_bicolor:Sorghum_bicolor
S_texanus:Sphaerocarpos_texanus
S_lescurii:Sphagnum_lescurii
S_sp:Spirogyra_sp
S_minuta:Spirotaenia_minuta
T_parthenium:Tanacetum_parthenium
T_baccata:Taxus_baccata
T_delicatulum:Thuidium_delicatulum
U_sp:Uronema_sp
V_vinifera:Vitis_vinifera
W_mirabilis:Welwitschia_mirabilis
Y_filamentosa:Yucca_filamentosa
Z_vazquezii:Zamia_vazquezii
Z_mays:Zea_mays
